 Ali Cat,,
 Ali McClaw,,
 Cameow,,
 Catapult,,
 Catastrophe,,
 Catillac,,
 Cat-man-do,,
 Catsanova,,
 Catsup,,
 Cat-titude,,
 Catzilla,,
 Clawsome,,
 Demi Meower,,
 Domesticat,,
 Empress,,
 Ewok,,
 Fleas Witherspoon,,
 Fuzzinator,,
 Galacticat,,
 Gigabyte,,
 Halley Purry,,
 Hello Kitty,,
 iCat,,
 Isabellick,,
 Jennifurr,,
 Jessicat,,
 Just Kittin,,
 Katy Purry,,
 Kitkat,,
 Kit-teacup,,
 Kittin around,,
 Kitty Poppins,,
 Lickers,,
 Madam X,,
 Megabyte,,
 Meowly Cyrus,,
 Meowsical,,
 Miraclaw,,
 Miss Thang,,
 Octopuss,,
 Oprah Whisker,,
 Pawdrey Hepburn,,
 Puma Thurman,,
 Purrfect,,
 Purrson,,
 Samantail,,
 Tabbytha,,
 Terabyte,,
 The Boss,,
 Thunder Paws,,
 Tweedledee,,
 Tweedledum,,
 Vegetarian,,
 Veronicat,,
 Whispurr,,
 Winky,,
 Your Highness,,
 Your Majesty,,
Aaron,,
Abaster,,
Abba,,
Abbey,,
Abel,,
Abelard,,
Aberdeen,,
Abigail,,
Aboulomri,,
Abracadabra,,
Abraham,,
Absolut,,
Abukar,,
Abyaz,,
Acapulco,,
Achal,,
Achilles,,
Achlys,,
Acorn,,
Actaeon,,
Ada,,
Adah,,
Adam,,
Adela,,
Adissechen,,
Admiral,,
Aelurus,,
Aeneas,,
Aesop,,
Aethon,,
Africa,,
Agatha,,
Agnes,,
Agrippa,,
Aida,,
Aishwarya,,
Akubra,,
Alabama,,
Alaric,,
Alba,,
Albert,,
Alberta,,
Albertyne,,
Alce,,
Alda,,
Aldene,,
Aldona,,
Aldous,,
Alfred,,
Alfreda,,
Alfresco,,
Algernon,,
Ali Macclaw,,
Alibi,,
Alice,,
Allegra,,
Alley,,
Ally Mcbeagle,,
Alma,,
Almond,,
Aloha,,
Aloysia,,
Aloysius,,
Alpha,,
Alton,,
Alvie,,
Alvin,,
Alvina,,
Alvis,,
Amadeus,,
Amaretto,,
Amaro,,
Amarus,,
Amazon,,
Amber,,
Ambika,,
Ambrose,,
Ambrosia,,
Amelia,,
Amethyst,,
Amira,,
Amistad,,
Anais,,
Anastasia,,
Anchovy,,
Anderson Pooper,,
Andre,,
Andrew,,
Andy,,
Anest,,
Angelicat,,
Angie,,
Angostura,,
Angus,,
Anika,,
Anita,,
Anna,,
Anne,,
Anta-M-Nekht,,
Ants,,
Apache,,
Aphrodite,,
Apple,,
Appollinaris,,
Apricot,,
Aragog,,
Aragorn,,
Aramis,,
Archibald,,
Aretha,,
Aria,,
Ariadne,,
Ariel,,
Arion,,
Aristarchus,,
Aristotle,,
Arlo,,
Arnold,,
Arrot,,
Artemis,,
Arthur,,
Artistotle,,
Arty,,
Asa,,
Asahi,,
Ash,,
Ashley,,
Askim,,
Aspen,,
Astrid,,
Astrophe,,
Atali,,
Atara,,
Athelstan,,
Athena,,
Athol,,
Atticus,,
Augustus,,
Aurora,,
Autumn,,
Avalanche,,
Avalon,,
Averil,,
Avril,,
Ayesha,,
Ayn,,
Aytan,,
Aztec,,
Baby,,
Baby Doll,,
Baccardi,,
Bacchis,,
Bach,,
Baci,,
Bad,,
Bagel,,
Bakerloo,,
Baldwin,,
Baldy,,
Ball,,
Ballofur,,
Ballyhoo,,
Baloo,,
Balzac,,
Bamboo,,
Banchee,,
Bandit,,
Bangkok,,
Bangles,,
Banjo,,
Banyan,,
Barbados,,
Barbie,,
Barbra,,
Barkney Spears,,
Barley,,
Barnett,,
Baron/Baroness,,
Bartholomew,,
Bartok,,
Barton,,
Bashful,,
Basil,,
Basilisk,,
Bast,,
Batty,,
Baubles,,
Bayard,,
Bayou,,
Bean,,
Bear,,
Beastie,,
Beastmaster,,
Beatrice,,
Beau,,
Beaujolais,,
Beauty,,
Beebop,,
Beef Breath,,
Bella,,
Ben,,
Benjamin,,
Benny ,,
Benson,,
Beowulf,,
Berenice,,
Berkeley,,
Bernadine,,
Bernard,,
Bernstein,,
Bete Noir,,
Beverly,,
Bianca,,
Bibi,,
Big,,
Big Boy,,
Biggles,,
Bilbo,,
Bilbo Baggins,,
Billy,,
Bing Clawsby,,
Biscuit,,
Bitty,,
Black Beauty,,
Blackberry,,
Blair,,
Blanche,,
Blarney,,
Bletchley,,
Bliss,,
Blizzard,,
Blossom,,
Bluey,,
Bo,,
Bob Meowerly,,
Bobby,,
Bodacious,,
Bollinger,,
Bomber,,
Boneprone,,
Bonnie,,
Bonsai,,
Booboo,,
Boodles,,
Booger,,
Boogie,,
Bookbag,,
Bookie,,
Boone,,
Bootdonnie,,
Booth,,
Boots,,
Bootsie,,
Bootstrap Bill,,
Borden,,
Boromir,,
Botticelli,,
Bou-Tee-Waits,,
Bowie,,
Bowser,,
Boy,,
Boyd,,
Boz,,
Bray,,
Brenda,,
Brendan,,
Breton,,
Brett,,
Brewster,,
Brian,,
Brianna,,
Briar,,
Bridget,,
Brigette,,
Briggs,,
Bristol,,
Britannia,,
Britney,,
Bronte,,
Broody,,
Brooklynn,,
Broom,,
Brownie,,
Bruce,,
Bruiser,,
Bruna,,
Bubbles,,
Buckles,,
Buckley,,
Bucky,,
Buddy,,
Budweiser,,
Buffy,,
Bug,,
Bugger,,
Buggers,,
Buggie,,
Bugsy,,
Bulldozer,,
Bullet,,
Bullseye,,
Bundy,,
Burbank,,
Burgundy,,
Burrito,,
Buster,,
Butch,,
Butch Catsidy,,
Buttercup,,
Butterscotch,,
Buttons,,
Buzz,,
By,,
Cabbie,,
Cabernet,,
Caboodle,,
Cactus,,
Cadbury,,
Cadpig,,
Cairo,,
Cajun,,
Cali,,
Calico,,
Callie,,
Callisto,,
Callossum,,
Calypso,,
Camelot,,
Camilla,,
Camilo,,
Cancun,,
Candy,,
Canute,,
Canyon,,
Capp,,
Cappuccino,,
Capricorn,,
Caramel,,
Carly,,
Caroline,,
Carrie,,
Casanova,,
Casey,,
Cashew,,
Cashmere,,
Cassandra,,
Cassidy,,
Castro,,
Cat,,
Cat Benatar,,
Cat Damon,,
Cat Sajak,,
Cat Stevens,,
Catalie Portman,,
Cato,,
Catpachino,,
Catpernicus,,
Catrick Swayze,,
Catsy Cline,,
Catullus,,
Caviar,,
Cayenne,,
CC,,
Cebu,,
Cecil,,
Cecilia,,
Celeste,,
Celina,,
Cerberus,,
Cerin,,
Cézanne,,
Cha Cha,,
Chablis,,
Chad,,
Chain,,
Chairman Meow,,
Challis,,
Champers,,
Chang Saw,,
Chansu,,
Chantilly,,
Chardonnay,,
Charis,,
Charisma,,
Charles,,
Charley,,
Charlie,,
Charlotte,,
Chatterbox,,
Cheeky,,
Cheerio,,
Cheesecake,,
Cheetah,,
Cheeto,,
Cheezels,,
Cheezit,,
Chelsea,,
Chemosh,,
Chenille,,
Cher,,
Cherri Berri,,
Cherry Tree,,
Cherub,,
Cheshire Cat,,
Chester,,
Chester-Ester,,
Chestnut,,
Chevy,,
Chew,,
Chewie,,
Chewy,,
Chi,,
Chic,,
Chicanery,,
Chicken,,
Chiclet,,
Chilli,,
China,,
Chinwag,,
Chip,,
Chipper,,
Chips,,
Chiquita,,
Chloe,,
Chocky,,
Chocolate Chip,,
Chompz,,
Choo,,
Chops,,
Chowder,,
Chrissy,,
Chubbs,,
Chuck,,
Chunky,,
Church,,
Chutney,,
Cicero,,
Cider,,
Cilla,,
Cindy,,
Cindy Clawford,,
Cinnamon,,
Cirrus,,
Cisco,,
CJ,,
Clapper,,
Clapton,,
Clarence,,
Claret,,
Clarissa,,
Claude,,
Claudia,,
Claus,,
Claw,,
Clawdia,,
Clawed,,
Clawed D'pussy,,
Claypool,,
Clean-X,,
Clementine,,
Cleo,,
Cleopatra,,
Clicquot,,
Clifford,,
Clint,,
Clipper,,
Clive,,
Clone,,
Clotilda,,
Cloud,,
Club,,
Clyde,,
Coats,,
Cobber,,
Cobwebb,,
Coca,,
Coco,,
Cocoa,,
Coconut,,
Coder,,
Cody,,
Coffee,,
Cognac,,
Cointreau,,
Coke & Pepsi,,
Colette,,
Collins,,
Collyer,,
Colombo,,
Colonel,,
Columbia,,
Columbus,,
Compound,,
Comrade,,
Conan,,
Confucius,,
Congo,,
Conrad,,
Constance,,
Constantine,,
Conway,,
Coochie,,
Cookie,,
Cooper,,
Coors,,
Coquette,,
Coral,,
Cordelia,,
Corky,,
Corliss,,
Cornwall,,
Corona,,
Cosmic,,
Cosmo,,
Cotton,,
Cottontail,,
Cougar,,
Coup,,
Courtney,,
Courvoisier,,
Cous Cous,,
Cowboy,,
Cozmo,,
Crabbe,,
Crankie Frankie,,
Crash,,
Creasey,,
Creep,,
Creeper,,
Cressida,,
Croissant,,
Cromwell,,
Crouton,,
Cruiser,,
Crumbs,,
Crumpet,,
Crusoe,,
Crystal,,
Cuba,,
Cuervo,,
Cumulus,,
Cupcake,,
Cupid,,
Curly,,
Custard,,
Cyber,,
Cyclone,,
Cyd,,
Cyrus,,
D.J.,,
Dabney,,
Daffodil,,
Dagwood,,
Daiquiri,,
Daisy,,
Dakota,,
Dale,,
Dali,,
Damon,,
Dana,,
Dandelion,,
Daniel,,
Daphne,,
Dapple,,
Darcy,,
Darin,,
Darius,,
Dartagnan,,
Darth Vader,,
Darwin,,
Dash,,
David,,
David Meowie,,
Davidson,,
Daz,,
DC,,
Dean,,
Deanie Dumpling,,
Death Breath,,
Debbie,,
Debra,,
Decker,,
Deirdre,,
Deja,,
Delia,,
Delilah,,
Delta,,
Demon,,
Dennis,,
Derek,,
Desdemona,,
Desiree,,
Destiny,,
Detroit,,
Devo,,
Diamond,,
Diane,,
Dickens,,
Dido,,
Diego,,
Diesel,,
Dijon,,
Dinah,,
Dinky,,
Dionne,,
Dippy,,
Disco,,
Disraeli,,
Diva,,
Dixie,,
Dizzy,,
Dobby,,
Dogone,,
Dolce,,
Dolly,,
Domino,,
Donna,,
Donovan,,
Doodle,,
Doogie Bowser,,
Doorknob,,
Dorian,,
Dorito,,
Dot,,
Dough Boy,,
Down & Out,,
Dr Pepper,,
Dr. Spock,,
Dracula,,
Droopy,,
Dubonnet,,
Duffy,,
Duke,,
Dumas,,
Dumbledore,,
Dumpleton,,
Durand,,
Dusty,,
Dwezil,,
Dwight,,
Dylan,,
Ears,,
Eartha,,
Eartha Kitt,,
Earvin,,
Earwin,,
Ebenezer,,
Echo,,
Eclipse,,
Eden,,
Edison,,
Edur,,
Edward,,
Edward Scissorclaws,,
Egbert,,
Eggs,,
Eightball,,
Eileen,,
Einstein,,
Elaine,,
Elizabeth,,
Ella,,
Elle Mcphupup,,
Elrond,,
Elton,,
Eluned,,
Elvira,,
Elvis,,
Elvis Catsley,,
Emerald,,
Emily,,
Emily Spinach,,
Eminem,,
Emma,,
Enid,,
Enya,,
Eric,,
Erin,,
Errol,,
Esmeralda,,
Ethan,,
Eudora,,
Eugene,,
Evan,,
Evangeline,,
Evita,,
Excaliber,,
Exit,,
Expresso,,
Fabian,,
Fagan,,
Fairway,,
Faith,,
Fajita,,
Fat Cat,,
Fatso,,
Faulk,,
Feargal,,
Feather,,
Feline Dion,,
Fenella,,
Fenicia,,
Fenster,,
Fergie,,
Fever,,
Fibb,,
Fickle,,
Fidget,,
FiFi,,
Fig,,
Findi,,
Finn,,
Finna,,
Fir,,
Fishbone,,
Fishy,,
Fiver,,
Fizzgigg,,
Flash,,
Fleetwood,,
Fleming,,
Flex,,
Flip,,
Flo,,
Floppity,,
Flossy,,
Floyd,,
Fluffy,,
Fluffy George,,
Flyin-Flynn,,
Flynn,,
Fondue,,
Fortune,,
Foster,,
Foxburg,,
Foxglove,,
Franic,,
Frank,,
Freckles,,
Frederick,,
Frenzy,,
Fresca,,
Fresco,,
Freud,,
Friday,,
Friedmann,,
Frodo,,
Fudge,,
Furball,,
Furby,,
Furlicity,,
Furrgus,,
Furris Mewler,,
Fuzz Alderin,,
Fuzz Aldrin,,
Gabbie,,
Gabriel,,
Gaia,,
Gail,,
Galahad,,
Gale,,
Galileo,,
Gallagher,,
Gandalf,,
Gandhi,,
Garcia,,
Gareth,,
Garfunkel,,
Gary,,
Gator,,
Gatsby,,
General Sherman,,
Genevere,,
Genevieve,,
Genghis,,
Genghis Cat,,
Genny,,
Geoffrey,,
Geordi,,
George,,
Germaine,,
Geronimo,,
Gershom,,
Gertrude,,
Gia,,
Gidget,,
Gimli,,
Gimpie,,
Gin,,
GinaRae,,
Ginger,,
Ginger Spice,,
Ginseng,,
Giselle,,
Gismo,,
Gizmo,,
Gloria,,
Glory,,
Godiva,,
Godzilla,,
Gollum,,
Goober,,
Goofus,,
Gordita,,
Grace,,
Gracie,,
Gradivus,,
Granita,,
Grant,,
Grayson,,
Gremlin,,
Grendel,,
Grimalkin,,
Griphook,,
Grisabella,,
Grizabella,,
Grover,,
Grumble,,
Guinevere,,
Gulliver,,
Gumbo,,
Gwyneth,,
Gypsy,,
Hades,,
Hadrian,,
Hagrid,,
Haidee,,
Hairy Pawter,,
Hairy Potter,,
Hamlet,,
Hamlette,,
Hammerhead,,
Hammy,,
Handel,,
Handsome,,
Hannibal,,
Hansel,,
Harley,,
Harmony,,
Harper,,
Harrison,,
Harry,,
Harvey,,
Hayley,,
Hazel,,
Heartbreaker,,
Heathcliff,,
Heckle,,
Hedda,,
Heidi,,
Heineken,,
Helen,,
Helena,,
Hendrix,,
Hennessy,,
Herbal,,
Herbie,,
Hercules,,
Hermione,,
Herringbone,,
Hershey,,
Heshel,,
Hickety Pickety,,
Highway,,
Hiho,,
Hilary,,
Hipparcus,,
Hjaimar,,
Hobbit,,
Hobbles,,
Holden,,
Honey,,
Hoomey,,
Hoover,,
Hopie,,
Horace,,
Horatio,,
Hotdog,,
Houdini,,
Houdini Magic Man,,
Howard,,
Huckleberry,,
Hudson,,
Huggie,,
Hugo,,
Hunter,,
Hurley,,
Husky,,
Hydro,,
Icabod,,
Ichabod,,
Idonea,,
Idris,,
Iggy,,
Ike,,
Imogen,,
Incey & Wincey,,
Incitatus,,
Indi,,
Indra,,
Indy,,
Inkling,,
Inky,,
Iolanthe,,
Irene,,
Iris,,
Irish,,
Isaac,,
Ishtar,,
Isis,,
Isolda,,
Isolde,,
Ivanhoe,,
Ivy,,
Ivy- Boo boo,,
Jabber,,
Jabberwocky,,
Jack,,
Jackson,,
Jaclyn,,
Jacques Pierre,,
Jada,,
Jade,,
Jaeger,,
Jaffa,,
Jagger,,
James,,
Jammer Bammer,,
Jamoca,,
Jane,,
Janet,,
Jangles,,
Janis,,
Janus,,
Jareth the Goblin King,,
Jason,,
Jasper,,
Jaspurr,,
Jaz,,
Jazz,,
Jean,,
Jean Luc Picat,,
Jean-Paul,,
Jefferson,,
Jelly,,
Jennifer,,
Jenny,,
Jerky,,
Jerome,,
Jerry,,
Jesse,,
Jessica,,
Jessie,,
Jet,,
Jethro,,
Jewel,,
Jezebel,,
Jingles,,
Jinxy,,
Joan,,
Joanne,,
Jocelyn,,
Joe,,
Joel,,
Joey,,
John,,
Jolene,,
Jones,,
Jonesy,,
Jordan,,
Joseph,,
Jovi,,
Jude Paw,,
Judy,,
Julep,,
Julian,,
Juliet,,
Jumbo,,
Jumper,,
Juno,,
Jupitor,,
Justin,,
Kahlua,,
Kai,,
Kalan,,
Kanga,,
Karen,,
Karnak,,
Kasha,,
Kashmir,,
Kate,,
Katzilla,,
Kay,,
KC,,
Kelly,,
Kennedy,,
Kenny,,
Kepler,,
Kerry,,
Kiki,,
Killian,,
kilo,,
King Timahoe,,
Kingsley,,
Kingston,,
Kipling,,
Kipper,,
Kiri,,
Kirin,,
Kirsten,,
Kit Kat,,
Kitty,,
Kitty-Wan-Kenobi,,
Kiwi,,
Koko,,
Kona,,
Koo-Koo,,
Koolaid,,
Kopy Cat,,
Korsakov,,
Kosta & Lot,,
Kosta Lot,,
Koufax,,
Kramer,,
Kricket,,
Kringle,,
Krishna,,
Kumheer,,
"Kylie
Kyreeve
Kyro
Lace
Lady Bird",,
Lachlan,,
Lady Bug,,
Ladybird,,
Lancelot,,
Lara,,
Large,,
Latte,,
Launcelot,,
Laura,,
Lauren,,
Lavinia,,
Lee,,
Legolas,,
Legs,,
Leif,,
Lemaitre,,
Lemonade,,
Lennon,,
Lenny,,
Leo,,
Leonardo,,
Leonardo DaFuzzy,,
Leprechaun,,
Leroy,,
Levina,,
Lewis,,
Liam,,
Libearty,,
Lickorish,,
Licorice,,
Lilly,,
Lincoln,,
Linda,,
Linguini,,
Linux,,
Liszt,,
Little Bo Peep,,
Little girl,,
Little Jack,,
Little Kitty,,
Lizzie,,
Llewellyn,,
Loki,,
Lola,,
Lolita,,
Lolly,,
Loopy,,
Lou Lou,,
Louis,,
Lucerne,,
Lucian,,
Lucifurr,,
Lucius,,
Lucky,,
Lucy,,
Ludwid,,
Ludwig,,
Luke Skywhisker,,
Lulu,,
Lunn,,
Luther,,
Mab,,
Mac,,
Macaroni,,
Macavity,,
Macbeth,,
Macduff,,
Maceo,,
MacGregor,,
Macho,,
Madeira,,
Madeleine,,
Madison,,
Madonna,,
Maestro,,
Maeve,,
Magellan,,
Maggie,,
Magnificat,,
Magnum,,
Magritte,,
Majesty,,
Major,,
Make My Day,,
Malcolm,,
Malinda,,
Mallory,,
Mambo,,
Mancha,,
Mancini,,
Mandarin,,
Mandy,,
Mango,,
Marbles,,
Marcus,,
Marengo,,
Margaret,,
Maria,,
Mariah,,
Marilyn,,
Marjoram,,
Mark,,
Marlon,,
Marmalade,,
Mars,,
Marshmallow,,
Mary,,
Marzipan,,
Masaccio,,
Matilda,,
Matthew,,
Matty,,
Maxi,,
Maya,,
Mcgonagall,,
Me,,
Measles,,
Meeko,,
Megabucks,,
Megan,,
Melanie,,
Melissa,,
Melody,,
Meoko,,
Meowbert,,
Meowser,,
Meowses ,,
Meowy,,
Meriadoc,,
Meringue,,
Merlin,,
Me-Too,,
Mia,,
Micestro,,
Michael,,
Michelle,,
Miffy,,
Mighty,,
Migraine,,
Migrane,,
Mijbil,,
Mikado,,
Milan,,
Milkshake,,
Millard,,
Mimi,,
Ming,,
Minky,,
Minogue,,
Mintie,,
Minty,,
Miranda,,
Mischa,,
Mishka,,
Miso,,
Miss Chevious,,
Miss Moneypenny,,
Miss Moochie,,
Missy,,
Missy Brown Dome,,
Mister Tim burton,,
Mistoffelees,,
Misty BLu,,
Mitso,,
Mittens,,
Mitts,,
Mo,,
Moby,,
Moe,,
Moe Mojo,,
Moggy,,
Mohawk,,
Mojo Jojo,,
Mokey Bob,,
Molasses,,
Moliere,,
Molly,,
Momster Meister,,
Monarch,,
Monday,,
Monepenny,,
Monet,,
Monkey,,
Monkeyjoe,,
Montezuma,,
Monty,,
Moo,,
Moody Blue,,
Moonshine,,
Mopsy,,
Morgan,,
Morpheus,,
Morrison,,
Morvan,,
Mosag,,
Moss,,
Mouser,,
Moustache,,
Moxie,,
Mozart,,
Mr Biz,,
Mr Darcy,,
Mr Trottie Man,,
Mr. Black,,
Mr. Butters,,
Mr. Malone,,
Mr. Meowgi,,
Mr. Moky,,
Mr. Pickles,,
Mr. President,,
Mr. Trottie Man,,
Mrs Paw,,
Mrs. Norris,,
Muesli,,
Mufasa,,
Muffin,,
Muffy,,
Mumcat,,
Munchkin,,
Munchkins,,
Munchy,,
Mungo,,
Munky,,
Muscles,,
Mushka,,
Mushroom,,
Mustard,,
Muzby,,
Nabisco,,
Nacho,,
Nancy,,
Napoleon,,
Napoleon Bonapaws,,
Napster,,
Natalie,,
Natasha,,
Nathaniel,,
Needles,,
Nelson,,
Neneh,,
Neon,,
Neptune,,
Nero,,
Neve,,
Niamh,,
Nibble,,
Nibbles,,
Nick,,
Nickle,,
Nigel,,
Nigglet,,
Nina,,
Nipper,,
Noel,,
Noggin,,
Noisy,,
Noodle,,
Noodles,,
Nosy Rosy,,
Notorious C.A.T,,
Nutkin,,
Nutmeg,,
Nuts,,
Nybble,,
Oberon,,
Octane,,
Octavia,,
Octivia,,
Odette,,
Oedipus,,
Ohanzee,,
Ohio,,
OJ,,
Oliver,,
Olivia,,
Olwen,,
Olympia,,
Ophelia,,
Orange,,
Orchid,,
Oreo,,
Oriel,,
Orion,,
Orwell,,
Oscar,,
Oscar the Grouch,,
Oso,,
Oswald,,
Othello,,
Otis,,
Otto,,
Ottolynn,,
Ovidius,,
Ozzy,,
P. C. Moggs,,
Pablo,,
Paddy,,
Pal,,
Pamina,,
Panda,,
Pandora,,
Pandu,,
Pangur Ban,,
Panic,,
Panthro,,
Panzer,,
Paris,,
Parsley,,
Pascoe,,
Patch,,
Paul,,
Paula,,
Pavarotti,,
Pavlov,,
Pawndemonium,,
Paws,,
Pawssanova,,
Pea,,
Peace,,
Peaches,,
Peanut,,
Pebble,,
Peggy,,
Peking,,
Pelagia,,
Penelope,,
Penny,,
Peppa,,
Pepper,,
Perceval,,
Percolator,,
Percy,,
Perdita,,
Peregrin,,
Perfect,,
Perky,,
Persephone,,
Pet-a-porter,,
Peter,,
Petropolis,,
Petunia,,
Phantom,,
Pharoah,,
Phoebe,,
Phoenix,,
Phu-Kat,,
Picasso,,
Picatso,,
Picca,,
Pick,,
Pickles,,
Piddle Paddle,,
Piebald,,
Piggy,,
Pillow,,
Pins,,
Pinta,,
Pip,,
Pirate,,
Pistol,,
Pixel,,
Pizza,,
PK,,
Plato,,
Playa,,
Plonk,,
Pluto,,
Pocus,,
Poe,,
Pompeii,,
Pooh Bear,,
Pookie,,
Pookie Mew,,
Poopy,,
Popcorn,,
Poppet,,
Poppy,,
Porkchop,,
Porky,,
Porridge,,
Porsche,,
Port,,
Portia,,
Poser,,
Posey,,
Pots,,
Potter,,
Pouncer,,
Prelude,,
Preppie,,
Pretzel,,
Prince,,
Prune,,
Ptolemaeus,,
Ptolemy,,
Puck,,
Puckers,,
Pud,,
Puddle Duck,,
Puddles,,
Puddy Tat,,
Puff,,
Pumpkin,,
Punkie,,
Purcell,,
Purrcee,,
Purrgus McKitty,,
Purrl,,
Purrty,,
Purry Ellis,,
Pushkin,,
Puss,,
Pussamaccattus,,
Quackers,,
Quidditch,,
Quincy,,
Quixote,,
Racer,,
Rachel,,
Racoon,,
Raffles,,
Ragamuffin,,
Raggady Ann,,
Rainer,,
Raisin,,
Ramona,,
Ramses,,
Rapatap & Pupadup,,
Raphael,,
Rapunzel,,
Rasputin,,
Rastus,,
Razor,,
Razzle,,
Reagan,,
Rebecca,,
Reesee,,
Rembrandt,,
Reynard,,
Rhiannon,,
Rhubarb,,
Ribby,,
Richochet,,
Robert,,
Rodman,,
Roly Poly,,
Romeo,,
Rookie,,
Rosalind,,
Roscoe,,
Rosebud,,
Rosemary,,
Roxanne,,
Roxy,,
Roy,,
Rudolph,,
Ruff,,
Rumba,,
Russell,,
Rutherford,,
Sade,,
Saffron,,
Saffy,,
Salem,,
Salinger,,
Sally,,
Salvador,,
Sammy,,
Samwise,,
Sandra,,
Sandy Claws,,
Santa Claws,,
Santapaws,,
Sarah,,
Sassy,,
Sauda,,
Saxon,,
Scamp,,
Scarlet,,
Scarlett O'Hairy,,
Schubert,,
Scoop,,
Scratches,,
Scruffy Dangles,,
Sean,,
Septimus,,
Sergei,,
Sesame,,
Seuss,,
Shaka,,
Shakes,,
Shakespeare,,
Shark Bait,,
Shawnee,,
Sheba,,
Sheeba,,
Sheena,,
Sheila,,
Sherbert,,
Sheridan,,
Shiitake,,
Shirley,,
Shortnround,,
Shreds,,
Sidney,,
Silas,,
Simon,,
Sinatra,,
Sinbad,,
Sinead,,
Siobhan,,
Sir Isaac Newton,,
Sir Launcelot,,
Sir Pouncealot,,
Sir Sheds-A-Lot,,
Sissy,,
Sizzles,,
Skeeter,,
Skippy,,
Slinky Malinky,,
Slobberchops,,
Smidget,,
Smokey,,
Smoochy,,
Smuggler,,
Sneakers,,
Snickerdoodle,,
Snickers,,
Sniff,,
Sniffels,,
Snigglefoot,,
Snip,,
Sniper,,
Snipper,,
SnoobieCat,,
Snoochie Boochie,,
Snoops,,
Snoopy,,
Snowball,,
Snowcone,,
Snuffy,,
Snuggles,,
Soapy,,
Socrates,,
Solo,,
Solumn,,
Sonny,,
Sophie,,
Sorrel,,
So-Sue-Me,,
Souffle,,
Spaghetti,,
Spanky,,
Sparkle,,
Sparkplug,,
Sparx,,
Spaz,,
Speed Bump,,
Sphinx,,
Spice,,
Spick & Span,,
Spider,,
Spike,,
Spinach,,
Spinoza,,
Sponge,,
Spook,,
Spookie,,
Spot,,
Sprinkler,,
Sprout,,
Spud,,
Stella,,
Steve,,
Sting,,
Stinkerbell,,
Stormy,,
Streisand,,
Stretch,,
Strider,,
Strudel,,
Sugar,,
Sugarfoot,,
Suki,,
Sushi,,
Sweetie,,
Sylvester,,
Tabasco,,
Tabitha,,
Taboo,,
Taco,,
Taffy,,
Tails,,
Tamara,,
Tammy,,
Tang,,
Tangelo,,
Tango,,
Tansy,,
Tao,,
Tapioca,,
Tara,,
Tasha,,
Tate,,
Tater Bug,,
Tatiana,,
Tatters,,
Tatum,,
Taz,,
Tazmo,,
Tazz,,
TC,,
Tchaikovsky,,
Teacake,,
Teensie,,
Teeto,,
Teezles,,
Tefal,,
Tegar,,
Teka Leeka,,
Tekia,,
Tennessee,,
Tenza,,
Terrance,,
Tess,,
The Brain,,
The Great Catsby,,
Theodosia,,
Things,,
Thirst N Howl (The Third),,
Thomas,,
Thunderpants,,
Tibby,,
Tiberius,,
Tic Tac,,
Tick,,
Tickler,,
Tickles,,
Tiddles,,
Tie,,
Tiggy,,
Tiki,,
Tim,,
Tim Tam,,
Tina,,
Tippy,,
Titus,,
TJ,,
Toad,,
Toasty,,
Toby,,
Toejam,,
Toffee,,
Tolkien,,
Tom,,
Too,,
Toonces,,
Tootie,,
Tootsie,,
Tortilla,,
Tosca,,
Toulouse,,
Toya,,
Tracey,,
Tracy,,
Treacle,,
Treasure,,
Treble,,
Tripper,,
Tristan,,
Triton,,
Trust,,
Tuck,,
Tuckleberry,,
Tuff,,
Tuna,,
Tuppence,,
Tut,,
Twain,,
Tweeter,,
Twiggy,,
Twinkie,,
Twinkles,,
Tycho Brahe,,
U-betcha,,
Ulric,,
Umberto,,
Uranus,,
Ursula,,
Utopia,,
Van Gogh,,
Vanessa,,
Vanilla,,
Vaughan,,
Vegemite,,
Velcro,,
Venus,,
Verdi,,
Veruca,,
Victoria,,
Violet,,
Virgil,,
Vivaldi,,
Voltaire,,
Wabush,,
Wally,,
Walter,,
Walter Croncat,,
Warren,,
Waylon,,
Wayne,,
Weenie,,
Weensie,,
Wendy,,
Whatsit,,
Wheresy,,
Whimpy,,
Whisker,,
White Fang,,
Whitney,,
Wiggles,,
Wilbur,,
Willaby,,
William Shakespaw,,
Wilson,,
Winky,,
Winnie,,
Winona,,
Winslow,,
Winston,,
Won Ton,,
Wonka,,
Wonton,,
Woodstock,,
Woody,,
Wookie,,
Wooly,,
Wuffy,,
Xerox,,
Xerxes,,
Yates,,
Yehudi,,
Yoko,,
Yorrich,,
Yum Yum,,
Yves,,
Yvonne,,
Zabar,,
Zaki,,
Zane,,
zapper,,
Zea,,
Zenais,,
Zenda,,
Zeppelin,,
Zeus,,
Ziggles,,
Ziggy,,
Zila,,
Zipper,,
Zippo,,
Zoe,,
Zola,,
Zoloft,,
Zoltan,,
Zonker,,
Zorah,,
Zoro,,
Zowie,,
Zula,,
Zuleika,,
Zu-Zu,,
,,
,,
,,
,,
,,
,,
,,
,,
,,
,,
,,
,,
,,
,,
,,
,,
,,
,,
,,
,,
,,
,,
,,
,,
,,
,,
,,
,,
,,
,,
,,
,,
,,
,,
,,
,,
,,
,,
,,
,,
,,
,,
,,
,,
,,
,,
,,
,,
,,
,,
,,
,,
,,
,,
,,
,,
,,
,,
,,
